taxon_name,level_1
abies,NA
abrus,NA
abrus_type,NA
abutilon,NA
abutilon_type,NA
acacia,NA
acacia_albizia,NA
acacia_ehrenbergiana_type,NA
acacia_gerrardii,NA
acacia_group_i,NA
acacia_group_iii,NA
acacia_kamerunensis_type,NA
acacia_type,NA
acacia_type_i,NA
acaena,NA
acalypha,NA
acalypha_cf_a_crenata,NA
acalypha_type,NA
acanthaceae,NA
acanthaceae_diporate,NA
acanthaceae_tricolporate,NA
acanthaceae_undiff,NA
acanthophoenix_rubra,NA
acanthus,NA
acanthus_polystachius,NA
acanthus_type,NA
acer,NA
achyranthes,NA
achyranthes_aspera,NA
achyranthes_type,NA
achyranthes_type_a_aspera,NA
achyranthes_type_aspera,NA
acridocarpus,NA
adansonia,NA
adansonia_digitata,NA
adenia,NA
adenia_type,NA
adenium,NA
adenocline,NA
adenorandia_type_a_kalbreyeri,NA
adina,NA
aerva,NA
aerva_javanica_type,NA
aerva_lanata,NA
aerva_lanata_type,NA
aerva_type,NA
aerva_type_a_javanica,NA
aerva_type_a_lanata,NA
aerva_type_javanica,NA
aerva_type_lanata,NA
aeschynomene,NA
aeschynomene_afraspera_type,NA
aeschynomene_baumii_type,NA
aeschynomene_type,NA
aeschynomene_type_a_baumii,NA
aeschynomene_type_baumii,NA
aeschynomene_type_elaphroxylon,NA
afraegle,NA
afraegle_paniculata,NA
afraegle_type_a_paniculata,NA
afzelia,NA
afzelia_cf_a_africana,NA
agathosma,NA
agavoideae,NA
aidia,NA
aidia_micrantha_type,NA
aidia_type,NA
aidia_type_a_micrantha,NA
aidia_type_micrantha,NA
aizoaceae,NA
aizoaceae_type,NA
aizoaceae_undiff,NA
ajuga,NA
alangium_chinense,NA
albizia,NA
albizia_type,NA
alchemilla,NA
alchemilla_type,NA
alchornea,NA
alchornea_type,NA
allophylus,NA
allophylus_abyssinicus,NA
allophylus_abyssinicus_type,NA
allophylus_africanus,NA
allophylus_protea,NA
allophylus_protea_faurea,NA
allophylus_type,NA
alnus,NA
alnus_glutinosa,NA
aloe,NA
aloe_type,NA
alstonia,NA
alstonia_boonei,NA
alstonia_type,NA
alstonia_type_a_boonei,NA
alstonia_type_boonei,NA
alternanthera,NA
alternanthera_type,NA
alysicarpus,NA
amanoa_type,NA
amaranthaceae,NA
amaranthaceae_undiff,NA
amaranthus_type,NA
amaryllidaceae,NA
ambrosia,NA
ambrosia_maritima,NA
ambrosia_type,NA
ambrosia_type_maritima,NA
ambrosia_xanthium,NA
ambrosiinae,NA
ammannia,NA
ammannia_type,NA
anacardiaceae,NA
anacardiaceae_undiff,NA
anagallis,NA
anagallis_type,NA
anchusa_type,NA
anemone,NA
angelium,NA
aningeria_type,NA
anisotes,NA
anisotes_type,NA
annona_senegalensis_type,NA
annonaceae,NA
annonaceae_undiff,NA
anogeissus,NA
anogeissus_type_a_leiocarpa,NA
anogeissus_type_leiocarpa,NA
anopyxis,NA
anopyxis_klaineana,NA
anopyxis_type,NA
anopyxis_type_klaineana,NA
anthemis_type,NA
anthericum,NA
anthocleista,NA
anthonotha_type,NA
anthospermum,NA
anthospermum_asperuloides_type,NA
anthospermum_hispidulum_type,NA
anthospermum_type,NA
anthostema,NA
anthostema_senegalense,NA
anthostema_type,NA
anthyllis,NA
anthyllis_rupestris,NA
antiaris_type,NA
antiaris_type_a_toxicaria,NA
antidesma,NA
antidesma_type,NA
antidesma_type_a_venosum,NA
antidesma_type_venosum,NA
antidesma_venosum,NA
antrocaryon,NA
antrocaryon_type,NA
aphloia_theiformis,NA
aphloia_type_theiformis,NA
apiaceae,NA
apiaceae_type,NA
apiaceae_undiff,NA
apocynaceae,NA
apocynaceae_undiff,NA
apodytes,NA
apodytes_dimidiata,NA
aporrhiza,NA
aporrhiza_type,NA
araceae,NA
araliaceae,NA
araliaceae_type,NA
araliaceae_undiff,NA
arbutus,NA
arbutus_unedo,NA
ardisia,NA
arecaceae,NA
arecaceae_mauritius_type_132b_de_boer,NA
arecaceae_type_mauritius_type_127_de_boer,NA
arecaceae_type_mauritius_type_137_de_boer,NA
arecaceae_type_mauritius_type_139_de_boer,NA
arecaceae_type_mauritius_type_54b_de_boer,NA
arecaceae_type_mauritius_type_54c_de_boer,NA
arecaceae_type_tetrad_mauritius_type_2_de_boer,NA
arecaceae_undiff,NA
argania_spinosa,NA
argyranthemum,NA
argyrella_type_canescens,NA
armeria,NA
arnebia_hispidissima_type,NA
artemisia,NA
artemisia_afra,NA
artemisia_herba_minus_alba,NA
artemisia_type,NA
ascarina,NA
asclepiadoideae,NA
ascolepis,NA
ascolepis_type,NA
asparagus,NA
asparagus_buchananii_type,NA
asparagus_type,NA
asphodeline,NA
asphodelus,NA
aster,NA
aster_type,NA
asteraceae,NA
asteraceae_echinate,NA
asteraceae_fenestrate,NA
asteraceae_high_spine,NA
asteraceae_undiff,NA
asteraceae_undiff_type_2,NA
asteroideae,NA
asteroideae_undiff,NA
astragalus_type,NA
astripomoea,NA
astropanax_abyssinicus,NA
astropanax_barteri,NA
astropanax_goetzenii_type,NA
astropanax_mannii_type,NA
astropanax_myrianthus,NA
asystasia,NA
asystasia_gangetica,NA
asystasia_gangetica_type,NA
atractylis_type,NA
avicennia,NA
azima_tetracantha,NA
azorella,NA
baikiaea,NA
bakerella,NA
balanites,NA
balanites_aegyptiaca_type,NA
balanites_rotudinfolia_type,NA
baphia_type,NA
baphiopsis,NA
baphiopsis_type_parviflora,NA
barbeya_oleoides,NA
barbeyaceae,NA
barleria,NA
barringtonia,NA
basella,NA
basella_alba_type,NA
basilicum,NA
basilicum_polystachyon_hoslundia_opposita,NA
basilicum_type,NA
basilicum_type_b_polystachyon,NA
basilicum_type_polystachyon,NA
bauhinia,NA
begonia,NA
begonia_meyeri_minus_johannis,NA
begonia_type,NA
begoniaceae,NA
berberis,NA
bergia,NA
berlinia,NA
berlinia_type,NA
bersama,NA
bersama_abyssinica,NA
bersama_abyssinica_type,NA
bertiera,NA
bertiera_type,NA
betula,NA
bidens,NA
bignoniaceae,NA
bismarckia_nobilis,NA
blepharis,NA
blepharis_type,NA
blepharispermum_type,NA
blighia,NA
blighia_sapida_type,NA
blighia_type,NA
blighia_type_b_unijugata,NA
blighia_type_unijugata,NA
blighia_unijugata_type,NA
boerhavia_type,NA
bombax,NA
bombax_buonopozense_type,NA
bombax_costatum_type,NA
boraginaceae,NA
boraginaceae_type_1,NA
borassus,NA
borassus_hyphaene,NA
borassus_type,NA
borassus_type_aethiopum,NA
borassus_type_b_aethiopum,NA
boscia,NA
boscia_type,NA
boscia_type_angustifolia,NA
boscia_type_salicifolia,NA
bosqueia,NA
bosqueia_phoberos,NA
boswellia,NA
brachylaena,NA
brachystegia,NA
brachystephanus,NA
brassica,NA
brassicaceae,NA
brassicaceae_olea,NA
brassicaceae_undiff,NA
bridelia,NA
bridelia_ferruginea_type,NA
bridelia_micrantha,NA
bridelia_micrantha_type,NA
bridelia_scleroneura_type,NA
bridelia_type,NA
bridelia_type_b_scleroneura,NA
brillantaisia,NA
brucea,NA
brucea_antidysenterica_type,NA
bruguiera,NA
bruniaceae,NA
buchnera_type,NA
buddleja,NA
buddleja_type,NA
burkea,NA
burkea_africana,NA
butyrospermum,NA
buxus,NA
buxus_hildebrandtii_type,NA
buxus_madagascarica,NA
buxus_madagascarica_type,NA
cadaba,NA
cadaba_type,NA
caesalpinia_haematoxylum,NA
caesalpinia_type,NA
caesalpinioideae,NA
caesalpinioideae_undiff,NA
cajanus,NA
calligonum_polygonoides,NA
calluna,NA
calpocalyx_type,NA
calpocalyx_type_c_letestui,NA
calpocalyx_type_klainei,NA
calpocalyx_type_letestui,NA
calpurnia_type,NA
calycobolus,NA
calystegia,NA
camellia_sinensis_type,NA
campanula,NA
campanula_type,NA
campanulaceae,NA
campanulaceae_undiff,NA
campylospermum,NA
campylospermum_densiflorum,NA
canarium,NA
canarium_type,NA
cannabis,NA
cannabis_type,NA
canthium,NA
canthium_gueinzii_type,NA
canthium_schimperianum,NA
canthium_schimperianum_type,NA
canthium_type,NA
capparaceae,NA
capparaceae_undiff,NA
capparis,NA
capparis_erythrocarpos,NA
capparis_fascicularis_type,NA
capparis_tomentosa,NA
capparis_tomentosa_type,NA
carapa,NA
carapa_ekebergia,NA
carapa_type_c_grandiflora,NA
carapa_type_c_procera,NA
carapa_type_procera,NA
cardiospermum,NA
cardiospermum_halicacabum,NA
carduus,NA
carduus_type,NA
carissa,NA
carissa_spinarum_type,NA
carissa_type,NA
carissa_type_spinarum,NA
carpacoce,NA
carpobrotus,NA
carthamus_type,NA
caryophyllaceae,NA
caryophyllaceae_periporate_excluding_paronychioideae,NA
caryophyllaceae_undiff,NA
cassia,NA
cassia_type,NA
cassia_type_c_italica,NA
cassine,NA
cassine_orientalis,NA
cassine_type,NA
cassipourea,NA
casuarina,NA
casuarina_type,NA
catha_type,NA
catha_type_c_edulis,NA
catunaregam_type,NA
caucanthus_type,NA
caylusea_type_29mu_m,NA
cayratia_type,NA
cecropia,NA
cedrus,NA
cedrus_atlantica,NA
cedrus_cf_c_atlantica,NA
ceiba,NA
ceiba_pentandra,NA
celastraceae,NA
celastraceae_undiff,NA
celosia,NA
celosia_argentea,NA
celosia_argentea_type,NA
celosia_trigyna,NA
celosia_trigyna_type,NA
celosia_type,NA
celosia_type_argentea,NA
celosia_type_c_trigyna,NA
celosia_type_trigyna,NA
celtis,NA
celtis_adolfi_minus_friderici_type,NA
celtis_africana_type,NA
celtis_holoptelea_tetraporate,NA
celtis_hymenocardia,NA
celtis_smaller_than_15_mu_m,NA
celtis_toka,NA
celtis_type_20mu_m,NA
centaurea,NA
centaurea_cyanus,NA
centaurea_cyanus_type,NA
centaurea_perrottetii,NA
centaurea_type,NA
centaurea_type_c_perrottetii,NA
centaurea_type_senegalensis,NA
cephalaria,NA
cerastium,NA
cerastium_afromontanum_type,NA
cerastium_indicum,NA
cerastium_octandrum,NA
cerastium_type,NA
cerastium_type_octandrum,NA
cercestis_congoensis,NA
cf_adenocarpus,NA
cf_aeonium,NA
cf_albizia,NA
cf_badula,NA
cf_balanites,NA
cf_boscia,NA
cf_cadaba,NA
cf_canarium,NA
cf_capparis,NA
cf_casuarina_equisetifolia,NA
cf_cleome,NA
cf_dialium,NA
cf_erythroxylum,NA
cf_leonardoxa,NA
cf_linum,NA
cf_ochna,NA
cf_polygonum,NA
cf_resedaceae,NA
cf_rhizophora,NA
cf_rorippa,NA
cf_scrophulariaceae,NA
cf_stadmania,NA
cf_tabernaemontana,NA
cf_thalictrum_type,NA
cf_zanthoxylum,NA
chaetachme,NA
chaetachme_aristata,NA
chamaecrista_type_mimosoides,NA
chassalia,NA
chenopodiaceae_sensu_stricto,NA
chenopodium,NA
chenopodium_amaranthus,NA
chenopodium_type,NA
chironia,NA
chlorophytum_type,NA
chrozophora,NA
chrozophora_brocchiana_type,NA
chrysobalanus_parinari,NA
chrysobalanus_type,NA
chrysophyllum,NA
cichorieae,NA
cichorieae_undiff,NA
cichorioideae,NA
cichorioideae_type,NA
cirsium_type,NA
cissampelos,NA
cissampelos_cf_c_mucronata,NA
cissampelos_mucronata_type,NA
cissampelos_type,NA
cissampelos_type_mucronata,NA
cissus,NA
cissus_quadrangularis_type,NA
cissus_type,NA
cissus_type_quadrangularis,NA
cistaceae,NA
cistanche,NA
cistus,NA
cistus_monspeliensis,NA
citrullus,NA
citrus,NA
clausena,NA
clausena_anisata,NA
clausena_type_anisata,NA
cleistanthus,NA
cleistanthus_type,NA
clematis,NA
clematis_mauritiana_type,NA
clematis_type,NA
cleome,NA
cleome_gynandra,NA
cleome_type,NA
cleome_type_gynandra,NA
clerodendrum,NA
cliffortia,NA
cliffortia_nitidula,NA
cliffortia_nitidula_type,NA
clinopodium_paradoxum,NA
clitandra,NA
clusiaceae,NA
clutia,NA
clutia_abyssinica,NA
clutia_type,NA
cnestis_type,NA
coccinia,NA
coccinia_type,NA
coccinia_type_grandis,NA
cocculus,NA
cocculus_pendulus,NA
cocculus_pendulus_type,NA
cocculus_type,NA
cocculus_type_hirsutus,NA
cochlospermum,NA
coffea,NA
coffea_type,NA
cola,NA
cola_cf_c_cordifolia,NA
coleus_type_otostegioides,NA
colophospermum_mopane,NA
combretaceae,NA
combretaceae_melastomataceae,NA
combretaceae_melastomataceae_undiff,NA
combretaceae_type,NA
combretaceae_undiff,NA
combretum,NA
combretum_aculeatum_type,NA
combretum_molle_type,NA
combretum_type,NA
combretum_type_c_molle,NA
combretum_type_molle,NA
commelina,NA
commelina_benghalensis,NA
commelina_benghalensis_type,NA
commelina_forskaolii,NA
commelina_forskaolii_type,NA
commelina_type,NA
commelina_type_benghalensis,NA
commelina_type_c_benghalensis,NA
commelina_type_capitata,NA
commelina_type_forsskaolii,NA
commelinaceae,NA
commelinaceae_undiff,NA
commicarpus,NA
commicarpus_type,NA
commiphora,NA
commiphora_africana,NA
commiphora_africana_type,NA
commiphora_edulis_type,NA
commiphora_type,NA
connaraceae,NA
connarus_type,NA
convolvulaceae,NA
convolvulaceae_malvaceae,NA
convolvulaceae_undiff,NA
convolvulus,NA
convolvulus_arvensis_type,NA
convolvulus_type,NA
corchorus,NA
corchorus_type,NA
corchorus_type_fascicularis,NA
cordia,NA
cordia_africana_type,NA
cordia_bourreria_type,NA
cordia_platythyrsa_type,NA
cordia_type,NA
cornulaca,NA
cornulaca_aerva,NA
cornulaca_type,NA
cornus_subg_afrocrania,NA
cornus_volkensii,NA
coronilla_type,NA
corylus,NA
corylus_avellana,NA
cotula,NA
coula_edulis,NA
crassocephalum,NA
crassocephalum_type_c_montuosum,NA
crassocephalum_type_montuosum,NA
crassula,NA
crassula_granvikii_type,NA
crassulaceae,NA
craterispermum,NA
craterispermum_type,NA
crateva,NA
crateva_adansonii,NA
crateva_type_adansonii,NA
crepis_type,NA
cressa_type,NA
cressa_type_c_cretica,NA
crinum_natans_type,NA
crinum_type,NA
crossopteryx_febrifuga,NA
crossopteryx_type,NA
crossopteryx_type_febrifuga,NA
crotalaria,NA
crotalaria_type,NA
croton,NA
croton_fianarantsoae,NA
croton_macrobuxus,NA
croton_type,NA
crudia_type,NA
crudia_type_c_zenkeri,NA
crudia_type_gabonensis,NA
cucumis,NA
cucumis_dipsaceus_type,NA
cucumis_type_dipsaceus,NA
cucurbitaceae,NA
cucurbitaceae_undiff,NA
culcasia_scandens,NA
cupressaceae,NA
cupressaceae_undiff,NA
cupressus,NA
cupressus_lusitanica,NA
cuscuta_type,NA
cussonia,NA
cussonia_arborea_type,NA
cussonia_schefflera,NA
cussonia_type,NA
cyathula,NA
cyathula_type,NA
cyathula_type_c_orthacantha,NA
cyathula_type_orthacantha,NA
cylicodiscus,NA
cynoglossum_type,NA
cynometra_type,NA
cyperaceae,NA
cyperaceae_undiff,NA
cyphostemma_mappia,NA
cyphostemma_type,NA
cyphostemma_type_c_cyphopetalum,NA
cyphostemma_type_cyphopetalum,NA
cytisus_type,NA
dacryodes_type,NA
dalbergia,NA
dalbergia_type,NA
dalechampia,NA
daphne,NA
daphne_gnidium,NA
daucus,NA
delonix,NA
delonix_elata,NA
dendrosenecio,NA
desmodium,NA
desmodium_type,NA
detarium,NA
dialium,NA
dialium_guineense,NA
dichondra_type_d_micrantha,NA
dichondra_type_micrantha,NA
dichrostachys,NA
dichrostachys_cinerea,NA
dichrostachys_cinerea_type,NA
dicliptera_type,NA
dicoma_type,NA
dictyosperma_type,NA
didelotia_type,NA
digera_type_muricata,NA
diodia,NA
dioscorea,NA
dioscoreaceae,NA
diospyros,NA
diospyros_mauritius_type_326_de_boer,NA
diospyros_mauritius_type_363_de_boer,NA
diospyros_type,NA
dipsacaceae_undiff,NA
dipsacoideae,NA
dipsacoideae_undiff,NA
dipsacus,NA
dipterocarpaceae,NA
dipterocarpaceae_undiff,NA
disperma_type,NA
distemonanthus_benthamianus,NA
dobera,NA
dodonaea,NA
dodonaea_mauritius_type_128_de_boer,NA
dodonaea_mauritius_type_167_de_boer,NA
dodonaea_type,NA
dodonaea_viscosa,NA
dodonaea_viscosa_type,NA
dodonaea_viscosa_var_angustifolia,NA
dodonaeoideae,NA
dolichos,NA
dolichos_type,NA
doliocarpus_type,NA
dombeya,NA
dombeya_cf_d_buetnerii,NA
dombeya_elliptica_type,NA
dombeya_type,NA
dorstenia,NA
dorstenia_kameruniana,NA
dorstenia_type,NA
dorstenia_type_scaphigera,NA
dorstenia_zanzibarica_type,NA
dovyalis,NA
dracaena,NA
dracaena_steudneri,NA
dracaena_steudneri_type,NA
dracaena_type,NA
drimiopsis,NA
droseraceae,NA
drymaria_cordata,NA
drypetes,NA
drypetes_type,NA
drypetes_type_d_gossweileri,NA
dypsis,NA
dyschoriste_type,NA
ebenaceae,NA
ecbolium,NA
echinops,NA
echium,NA
ehretia,NA
ehretia_cymosa,NA
ekebergia,NA
ekebergia_type,NA
ekebergia_type_capensis,NA
ekebergia_type_e_capensis,NA
elaeis,NA
elaeis_guineensis,NA
elaeocarpaceae,NA
elaeocarpus,NA
elaeophorbia_drupifera_type,NA
elaeophorbia_type,NA
elaeophorbia_type_drupifera,NA
elegia,NA
elephantopus,NA
embelia_type,NA
embelia_type_e_schimperi,NA
emilia_type,NA
englerophytum,NA
entada,NA
entada_type,NA
entandrophragma,NA
entandrophragma_type,NA
ephedra,NA
ephedra_cf_e_distachya,NA
ephedra_cf_e_fragilis,NA
ephedra_distachya_type,NA
ephedra_fragilis,NA
ephedra_fragilis_type,NA
ephedra_undiff,NA
ephippiandra,NA
epilobium,NA
erica,NA
erica_arborea,NA
erica_arbutus,NA
erica_type,NA
erica_type_arborea,NA
erica_undiff,NA
ericaceae,NA
ericaceae_undiff,NA
ericales,NA
eriocoelum_macrocarpum_type,NA
eriocoelum_type,NA
eriosema_type,NA
erodium,NA
eryngium,NA
erythrina,NA
erythrocephalum_type,NA
erythrococca,NA
erythrococca_africana,NA
erythrococca_type,NA
erythrococca_type_type_3,NA
erythrococca_type_type_4,NA
erythrophleum,NA
erythroxylaceae,NA
eucalyptus,NA
eucalyptus_type,NA
euclea,NA
euclea_type,NA
eucryphia_type,NA
eugenia,NA
eugenia_scottii,NA
eugenia_syzygium,NA
eugenia_type,NA
euphorbia,NA
euphorbia_acalyphoides,NA
euphorbia_hirta,NA
euphorbia_hirta_type,NA
euphorbia_hypericifolia,NA
euphorbia_type,NA
euphorbia_type_1,NA
euphorbia_type_abyssinica,NA
euphorbia_type_hirta,NA
euphorbiaceae,NA
euphorbiaceae_mauritius_type_112b_de_boer,NA
euphorbiaceae_mauritius_type_172_de_boer,NA
euphorbiaceae_mauritius_type_88_de_boer,NA
euphorbiaceae_prolate,NA
euphorbiaceae_type_1,NA
euphorbiaceae_undiff,NA
evolvulus_type,NA
excoecaria,NA
fabaceae,NA
fabaceae_type_1,NA
fabaceae_undiff,NA
faboideae,NA
faboideae_cf_aeschynomene,NA
faboideae_cf_crotalaria,NA
faboideae_type_1,NA
faboideae_type_2,NA
faboideae_undiff,NA
fadogia_type,NA
fagaropsis,NA
fagaropsis_angolensis,NA
fagaropsis_type_f_angolensis,NA
fagonia,NA
faidherbia_albida,NA
farsetia_stylosa_type_25mu_m,NA
faurea,NA
faurea_allophylus,NA
faurea_rubriflora,NA
faurea_type,NA
ficalhoa,NA
ficalhoa_type_f_laurifolia,NA
ficus,NA
ficus_type,NA
filipendula_type,NA
flabellaria,NA
flabellaria_type,NA
flabellaria_type_f_paniculata,NA
flabellaria_type_paniculata,NA
flacourtia,NA
floscopa_type,NA
flueggea,NA
flueggea_type,NA
flueggea_type_virosa,NA
flueggea_virosa,NA
flueggea_virosa_type,NA
foetidia,NA
foetidia_type,NA
fraxinus,NA
fraxinus_type,NA
fumaria_abyssinica_type,NA
funtumia,NA
gaertnera,NA
gaertnera_paniculata_type,NA
gagnebina,NA
galiniera,NA
galiniera_coffeoides,NA
galiniera_type,NA
galium,NA
galium_rubia,NA
galium_type,NA
ganophyllum,NA
ganophyllum_giganteum,NA
ganophyllum_type_g_giganteum,NA
ganophyllum_type_giganteum,NA
garcinia,NA
garcinia_livingstonei_type,NA
garcinia_quadrifaria_type,NA
garcinia_type,NA
gardenia,NA
gardenia_imperialis,NA
gardenia_ternifolia_var_jovis_tonantis,NA
gardenia_type_imperialis,NA
gardenia_undiff,NA
gardenieae,NA
gentianaceae,NA
gentianaceae_undiff,NA
geraniaceae,NA
geraniaceae_undiff,NA
geranium,NA
gilbertiodendron_type_mayombense,NA
gisekia,NA
gladiolus_watsonius_type,NA
glenniea,NA
gnidia,NA
gnidia_type,NA
gnidia_type_chrysantha,NA
gnidia_type_g_glauca,NA
gnidia_type_glauca,NA
gomphrena,NA
gorteria_type_beguinotii,NA
grewia,NA
grewia_type,NA
grewia_type_tenax,NA
grielum,NA
guibourtia_type_demeusei,NA
guiera_senegalensis,NA
guizotia_type,NA
gunnera,NA
gunnera_perpensa,NA
gymnosporia,NA
gymnosporia_senegalensis,NA
gymnosporia_type_senegalensis,NA
haemanthus_type,NA
haematostaphis_type_h_barteri,NA
hagenia,NA
hagenia_abyssinica,NA
haplocoelum,NA
harrisonia_type,NA
harungana,NA
harungana_madagascariensis,NA
harungana_madagascariensis_type,NA
hebenstretia_dentata,NA
hedera,NA
heisteria_type,NA
heliantheae,NA
helianthemum,NA
helichrysum,NA
helichrysum_foetidum_type,NA
helichrysum_forskalii_type,NA
helichrysum_type,NA
heliotropium,NA
heliotropium_steudneri,NA
heliotropium_steudneri_type,NA
heliotropium_type,NA
hermannia,NA
hermannia_type,NA
herniaria_type,NA
heteromorpha,NA
heteromorpha_type,NA
heteropterys,NA
hevea_brasiliensis,NA
hewittia_scandens,NA
hewittia_type_malabarica,NA
hibiscus,NA
hibiscus_fragilis,NA
hibiscus_type,NA
hibiscus_type_micranthus,NA
hildebrandtia_type_obcordata,NA
hippocastanoideae,NA
holoptelea,NA
holoptelea_grandis,NA
homalium,NA
hua_gabonii,NA
hugonia,NA
hugonia_type_platysepala,NA
humulus_cannabis,NA
hydrolea,NA
hylodendron_gabunense,NA
hymenocardia,NA
hymenocardia_acida_type,NA
hymenocardia_chaetachme,NA
hymenocardia_type_ulmoides,NA
hymenodictyon,NA
hymenodictyon_type,NA
hymenodictyon_type_floribundum,NA
hymenodictyon_type_h_floribundum,NA
hymenostegia_type_pellegrini,NA
hyophorbe_type,NA
hypericum,NA
hyphaene,NA
hyphaene_type,NA
hypoestes,NA
hypoestes_type,NA
hypoestes_type_aristata,NA
hyptis,NA
hyptis_brevipes_type_12mu_m,NA
hyptis_type,NA
icacinaceae,NA
ilex,NA
ilex_aquifolium,NA
ilex_mitis,NA
ilex_type_2,NA
illecebrum,NA
impatiens,NA
indigofera,NA
indigofera_type,NA
indigofera_type_schimperi,NA
inuleae,NA
iodes,NA
ipomoea,NA
ipomoea_type,NA
iridaceae,NA
iridaceae_type,NA
iris,NA
irvingia,NA
irvingia_type,NA
irvingia_type_gabonensis,NA
irvingia_type_i_wombolu,NA
irvingiaceae,NA
isoberlinia,NA
isoberlinia_type,NA
isoglossa,NA
ixora,NA
ixora_type,NA
ixora_type_brachypoda,NA
ixora_type_i_brachypoda,NA
jasminum,NA
jasminum_abyssinicum,NA
jasminum_grandiflorum_subsp_floribundum_type,NA
jasminum_type,NA
jatropha,NA
jatropha_croton,NA
jatropha_pelargoniifolia,NA
jatropha_type,NA
juglans,NA
julbernardia,NA
julbernardia_paniculata_type,NA
julbernardia_seretii_type,NA
juncaceae,NA
juniperus,NA
juniperus_cf_j_procera,NA
juniperus_procera,NA
juniperus_type,NA
justicia,NA
justicia_anselliana_type,NA
justicia_flava_type,NA
justicia_odora,NA
justicia_odora_type,NA
justicia_striata_type,NA
justicia_type,NA
justicia_type_anselliana,NA
justicia_type_betonica,NA
justicia_type_flava,NA
justicia_type_j_flava,NA
justicia_type_odora,NA
kalanchoe,NA
kedrostis,NA
kedrostis_type,NA
keetia_gueinzii_type,NA
keetia_type_gueinzii,NA
keetia_type_k_cornelia,NA
keetia_type_k_venosa,NA
khaya,NA
khaya_type,NA
kickxia_diclis,NA
kiggelaria,NA
kiggelaria_africana,NA
kirkia,NA
klaineanthus_gaboniae,NA
kniphofia_type_reflexa,NA
kohautia,NA
kohautia_caespitosa,NA
kohautia_type_caespitosa,NA
kotschya,NA
kotschya_type,NA
labourdonnaisia_type,NA
lactucoideae_undiff,NA
lamiaceae,NA
lamiaceae_hexacolpate,NA
lamiaceae_tricolpate,NA
lamiaceae_undiff,NA
lamium_type,NA
landolphia,NA
landolphia_type,NA
landolphia_type_type_3,NA
lannea,NA
lannea_sclerocarya,NA
lannea_type,NA
lantana,NA
lantana_type_ukambensis,NA
lantana_type_viburnoides,NA
laportea_type,NA
laportea_type_aestuans,NA
lasianthus,NA
latania_dracaena_type,NA
latania_type,NA
lathyrus_type,NA
lauraceae,NA
laurembergia,NA
laurembergia_repens_subsp_brachypoda,NA
laurembergia_tetrandra,NA
laurus,NA
laurus_nobilis,NA
lawsonia,NA
lawsonia_type_inermis,NA
lecaniodiscus_lepisanthes_senegalensis,NA
lecaniodiscus_type_cupanioides,NA
lecaniodiscus_type_l_cupanioides,NA
leonardoxa_type,NA
leonotis,NA
leonotis_type,NA
lepidagathis,NA
lepidagathis_type,NA
lepisanthes,NA
lepisanthes_type_l_senegalensis,NA
lepisanthes_type_senegalensis,NA
leptaulus,NA
leucas,NA
leucas_type,NA
leucospermum,NA
liliaceae,NA
limeum,NA
limosella,NA
linaceae,NA
linaria,NA
lindackeria,NA
lindackeria_type,NA
lindernia,NA
lingelsheimia_type_frutescens,NA
linociera,NA
linum,NA
linum_austriacum,NA
lippia,NA
lippia_type,NA
lithospermum_afromontanum_type,NA
lobelia,NA
lobelia_ancepts,NA
lobostemon,NA
lobostemon_type,NA
loesenera_type,NA
lonchocarpus,NA
lonchocarpus_sericeus_type,NA
lonicera_type,NA
lophira,NA
lophira_alata,NA
lophira_lanceolata_type,NA
loranthaceae,NA
loranthaceae_undiff,NA
loranthus_type,NA
lotus,NA
lotus_arabicus,NA
lotus_arabicus_type,NA
lotus_type,NA
ludwigia_type,NA
luffa,NA
luffa_type,NA
lumnitzera_racemosa_type_16mu_m,NA
lychnophora,NA
lychnophora_type,NA
lycium,NA
lygeum_spartum,NA
lysimachia,NA
lysimachia_type,NA
lythraceae,NA
lythraceae_undiff,NA
lythrum,NA
macaranga,NA
macaranga_capensis,NA
macaranga_kilimandscharica,NA
macaranga_mallotus,NA
macaranga_type,NA
maclura,NA
maclura_type,NA
macrosphyra_type,NA
maerua,NA
maerua_ritchiea,NA
maerua_type,NA
maesa,NA
maesa_lanceolata,NA
maesa_lanceolata_type,NA
maesa_type_m_lanceolata,NA
maesobotrya_barteri_type,NA
maesopsis_eminii,NA
maesopsis_type,NA
majidea,NA
mallotus,NA
mallotus_oppositifolius,NA
mallotus_type,NA
mallotus_type_m_oppositifolius,NA
mallotus_type_oppositifolius,NA
malpighiaceae,NA
malpighiaceae_undiff,NA
malvaceae,NA
malvaceae_undiff,NA
mangifera_indica,NA
manihot,NA
manilkara,NA
manilkara_type,NA
mansonia_altissima_type,NA
maprounea,NA
maranthes_type,NA
mareya_type,NA
margaritaria,NA
margaritaria_discoidea,NA
margaritaria_discoidea_type,NA
margaritaria_type_discoidea,NA
markhamia,NA
markhamia_zanzibarica_type,NA
martretia,NA
martretia_quadricornis,NA
matricaria_type,NA
maytenus,NA
medicago_type,NA
melastomataceae,NA
melastomataceae_undiff,NA
meliaceae,NA
meliaceae_20mu_m_4_minus_5cp,NA
meliaceae_sapotaceae,NA
meliaceae_undiff,NA
melilotus_type,NA
mellera_type,NA
melochia,NA
menispermaceae,NA
menispermaceae_undiff,NA
mentha,NA
mentha_type,NA
mercurialis,NA
merremia,NA
merremia_type,NA
mesembryanthemoideae,NA
mesosphaerum_type_pectinatum,NA
micrococca_mercurialis,NA
micrococca_scariosa,NA
micrococca_type_mercurialis,NA
microdesmis,NA
milicia_type_excelsa,NA
milleria_type,NA
millettia,NA
mimosa,NA
mimosa_pigra,NA
mimosa_pigra_type,NA
mimosa_type,NA
mimosa_type_pigra,NA
mimosoid_clade,NA
mimosoid_clade_undiff,NA
mimulopsis,NA
mimulopsis_type,NA
mimusops,NA
mimusops_kummel,NA
mimusops_type,NA
mitracarpus,NA
mitracarpus_hirtus,NA
mitracarpus_scaber,NA
mitragyna,NA
mitragyna_inermis,NA
mitragyna_inermis_type,NA
mitragyna_type,NA
mitragyna_type_inermis,NA
mitragyna_type_m_inermis,NA
mitragyna_type_m_rubrostipulata,NA
mitragyna_type_rubrostipulata,NA
mitragyna_type_stipulosa,NA
molinaea,NA
moltkiopsis_ciliata,NA
momordica,NA
monechma,NA
monimia_type,NA
monimiaceae,NA
monotes_lutambensis,NA
montia,NA
moraceae,NA
moraceae_diporate,NA
moraceae_type,NA
moraceae_undiff,NA
morelia_senegalensis,NA
morella,NA
morella_faya,NA
morella_salicifolia,NA
morella_serrata_type,NA
moringa,NA
morus,NA
morus_type,NA
musanga,NA
musanga_myrianthus,NA
musanga_type,NA
mussaenda,NA
mutisioideae,NA
myrianthus,NA
myrianthus_serratus,NA
myrianthus_type,NA
myrianthus_type_arboreus,NA
myrianthus_type_holstii,NA
myrianthus_type_m_arboreus,NA
myrianthus_type_m_holstii,NA
myrica,NA
myrica_type,NA
myricaceae,NA
myrothamnus,NA
myrsine,NA
myrsine_africana,NA
myrsinoideae,NA
myrtaceae,NA
myrtaceae_undiff,NA
myrtus,NA
myrtus_communis,NA
nauclea,NA
nauclea_type,NA
nauclea_type_latifolia,NA
neoboutonia,NA
neoboutonia_macrocalyx,NA
neoboutonia_type,NA
nerium,NA
nesogordonia,NA
newtonia,NA
newtonia_type,NA
noronhia,NA
nuxia,NA
nuxia_congesta,NA
nuxia_ficalhoa,NA
nuxia_type,NA
nuxia_type_congesta,NA
nuxia_type_n_congesta,NA
nuxia_verticillata,NA
nyctaginaceae,NA
ochnaceae_undiff,NA
ochthocosmus,NA
ocimum,NA
ocimum_type,NA
ocimum_type_basilicum,NA
olacaceae,NA
olax,NA
oldeania_alpina,NA
oldenlandia,NA
oldenlandia_hymenodictyon,NA
oldenlandia_type,NA
oldfieldia_type,NA
olea,NA
olea_capensis,NA
olea_capensis_subsp_hochstetteri,NA
olea_capensis_type,NA
olea_europaea,NA
olea_europaea_subsp_cuspidata,NA
olea_europaea_subsp_cuspidata_type,NA
olea_europaea_type,NA
olea_hochstetteri_type,NA
olea_type,NA
olea_welwitschii,NA
oleaceae,NA
oleaceae_undiff,NA
olinia,NA
onagraceae,NA
onagraceae_undiff,NA
oncoba_type,NA
operculicarya,NA
orchidaceae,NA
ormocarpum,NA
ormocarpum_type,NA
osbeckia_type_o_tubulosa,NA
ostrya,NA
ostrya_type,NA
osyris,NA
osyris_type,NA
ouratea,NA
ouratea_type,NA
oxalis,NA
oxalis_type,NA
oxygonum,NA
ozoroa,NA
ozoroa_type,NA
ozoroa_type_insignis,NA
pachypodium,NA
pachypodium_type,NA
paederia,NA
pancovia,NA
pancovia_type_p_bijuga,NA
pandanus,NA
pandanus_mauritius_type_131_de_boer,NA
pandanus_type,NA
papaveraceae,NA
pappea_capensis,NA
pappea_type_capensis,NA
parinari,NA
parinari_type,NA
parkia,NA
parkia_type,NA
parkinsonia,NA
paronychia,NA
paronychieae,NA
passerina,NA
passifloraceae,NA
paullinia,NA
paullinia_pinnata,NA
pausinystalia,NA
pausinystalia_type,NA
pausinystalia_type_macroceras,NA
pausinystalia_type_p_macroceras,NA
pavetta,NA
pavetta_elliotti_type,NA
pavetta_gardeniifolia_type,NA
pavonia,NA
pedaliaceae_cf_sesamum,NA
pedicularis,NA
peltophorum,NA
penaea,NA
penaeaceae,NA
penianthus_type,NA
pentaclethra,NA
pentaclethra_eetveldeana,NA
pentaclethra_macrophylla,NA
pentadesma,NA
pentanisia_type_ouranogyne,NA
pentas,NA
pentas_type,NA
pentzia,NA
pentzia_type,NA
peperomia,NA
peperomia_15mu_m,NA
peperomia_8mu_m,NA
periploca,NA
periplocoideae,NA
peristrophe,NA
peristrophe_type,NA
persicaria,NA
persicaria_cf_p_senegalensis,NA
persicaria_maculosa,NA
persicaria_maculosa_type,NA
persicaria_nepalensis_type,NA
persicaria_senegalensis,NA
persicaria_senegalensis_type,NA
peucedanum_type,NA
phaseolus,NA
phaulopsis,NA
phaulopsis_type,NA
phillyrea,NA
phillyrea_angustifolia,NA
phoenix,NA
phoenix_cf_p_reclinata,NA
phoenix_reclinata,NA
phoenix_reclinata_type,NA
phyla,NA
phylica,NA
phyllanthus,NA
phyllanthus_amarus_type,NA
phyllanthus_engleri_type,NA
phyllanthus_muellerianus_type,NA
phyllanthus_reticulatus,NA
phyllanthus_reticulatus_type,NA
phyllanthus_type,NA
phyllanthus_type_amarus,NA
phyllanthus_type_fraternus,NA
phyllanthus_type_leucanthus,NA
phyllanthus_type_maderaspatensis,NA
phyllanthus_type_p_amarus,NA
phyllanthus_type_p_nummulariifolius,NA
phyllanthus_type_reticulatus,NA
phyllanthus_undiff,NA
phytolacca_type,NA
phytolaccaceae,NA
picea,NA
pilea,NA
pilea_type_bambuseti,NA
piliostigma,NA
piliostigma_thonningii,NA
pimpinella_anisum_type,NA
pinus,NA
pinus_canariensis,NA
pinus_halepensis,NA
pinus_halepensis_type,NA
piper,NA
piper_monosulcate,NA
piper_pratense_type_verrucate,NA
piper_type,NA
piptadenia_type,NA
piptadeniastrum_africanum,NA
piptadeniastrum_type_p_africanum,NA
pistacia,NA
pistacia_lentiscus,NA
pittosporum,NA
plagiostyles_africana,NA
plagiostyles_type_africana,NA
plantago,NA
plantago_africana_type,NA
plantago_cf_p_coronopus,NA
plantago_cf_p_lanceolata,NA
plantago_cf_p_major,NA
plantago_ciliata_type,NA
plantago_coronopus,NA
plantago_coronopus_type,NA
plantago_lanceolata,NA
plantago_lanceolata_type,NA
plantago_major_p_media_type,NA
plantago_pro_parte,NA
plantago_undiff,NA
plectranthus,NA
plicosepalus,NA
plicosephalus_type,NA
plumbaginaceae,NA
plumbago_zeylanica,NA
poaceae,NA
poaceae_10_minus_20mu_m_d_a,NA
poaceae_10_minus_20mu_m_s_a,NA
poaceae_20_minus_30mu_m_d_a,NA
poaceae_20_minus_30mu_m_s_a,NA
poaceae_60_minus_85_mm,NA
poaceae_bigger_than_25_mu_m,NA
poaceae_bigger_than_47_mu_m,NA
poaceae_bigger_than_50_mu_m,NA
poaceae_bigger_than_85_mm,NA
poaceae_cerealia,NA
poaceae_cerealia_type,NA
poaceae_cerealia_undiff,NA
poaceae_smaller_than_10mu_m_d_a,NA
poaceae_smaller_than_10mu_m_s_a,NA
poaceae_smaller_than_25_mu_m,NA
poaceae_smaller_than_47_mu_m,NA
poaceae_smaller_than_50_mu_m,NA
poaceae_smaller_than_60_mm,NA
poaceae_undiff,NA
poaceae_undiff_bigger_than_40_mu_m,NA
poaceae_undiff_smaller_than_40_mu_m,NA
podocarpaceae,NA
podocarpus,NA
podocarpus_latifolius,NA
podocarpus_type,NA
podocarpus_type_milanjianus,NA
polycarpaea,NA
polycarpaea_eriantha_type,NA
polycarpaea_type,NA
polycarpon,NA
polycarpon_prostratum,NA
polycarpon_type,NA
polydora_serratuloides_type,NA
polygala,NA
polygala_type,NA
polygalaceae,NA
polygalaceae_utricularia,NA
polygonaceae,NA
polygonum,NA
polygonum_cf_persicaria_senegalensis,NA
polygonum_serrulatoides_type,NA
polyscias,NA
polyscias_fulva,NA
polyscias_fulva_type,NA
polyscias_type,NA
portulaca,NA
portulacaceae,NA
potentilla_type,NA
poterium_sanguisorba,NA
pouteria,NA
pouteria_type,NA
premna,NA
primulaceae,NA
primulaceae_undiff,NA
priva,NA
priva_type,NA
prosopis,NA
prosopis_entada,NA
prosopis_type_africana,NA
protea,NA
protea_type,NA
proteaceae,NA
proteaceae_type_ii,NA
proteaceae_type_iv,NA
protium_obtusifolium,NA
protomegabaria_type,NA
prunus,NA
prunus_africana,NA
prunus_africana_type,NA
prunus_type,NA
pseuderanthemum,NA
pseudocedrela_kotschyi,NA
pseudospondias,NA
pseudospondias_type,NA
psidium_cattleianum,NA
psilotrichum_elliotii_type,NA
psilotrichum_type,NA
psilotrichum_type_elliotii,NA
psiloxylon_mauritianum,NA
psoralea,NA
psoralea_type,NA
psoraleeae,NA
psorospermum,NA
psorospermum_febrifugum_type,NA
psychotria,NA
psychotria_cyathicalyx_type,NA
psychotria_type,NA
psychotria_type_amboniana,NA
psydrax,NA
psydrax_subcordata,NA
psydrax_type_p_schimperiana,NA
psydrax_type_p_subcordata,NA
psydrax_type_schimperiana,NA
psydrax_type_subcordata,NA
pterocarpus,NA
pterocarpus_type,NA
pterocarpus_type_angolensis,NA
pterodiscus,NA
pterolobium_stellatum,NA
pterygota,NA
pupalia_type,NA
pupalia_type_lappacea,NA
pycnanthus,NA
pycnanthus_angolensis_type,NA
quercus,NA
quercus_canariensis,NA
quercus_canariensis_q_pyrenaica,NA
quercus_cf_q_canariensis,NA
quercus_cf_q_rotundifolia,NA
quercus_coccifera,NA
quercus_deciduous_type,NA
quercus_evergreen_type,NA
quercus_faginea,NA
quercus_ilex,NA
quercus_ilex_q_coccifera,NA
quercus_ilex_type,NA
quercus_robur_type,NA
quercus_suber,NA
quercus_suber_type,NA
randia,NA
ranunculaceae,NA
ranunculaceae_undiff,NA
ranunculus,NA
ranunculus_acris_type_cf_r_sardous,NA
ranunculus_type,NA
rapanea,NA
rapanea_melanophloeos,NA
rapanea_melanophloeos_type,NA
raphia,NA
raphia_type,NA
raphiostylis,NA
rauvolfia,NA
ravenea_type,NA
reseda_type,NA
resedaceae,NA
resedaceae_undiff,NA
restio,NA
restionaceae,NA
rhamnaceae,NA
rhamnaceae_undiff,NA
rhamnus,NA
rhamnus_type,NA
rhamphicarpa,NA
rhaphiostylis,NA
rhizophora,NA
rhoicissus,NA
rhus,NA
rhus_coriaria_type,NA
rhus_longipes,NA
rhus_rehmanniana_var_rehmanniana,NA
rhus_type,NA
rhynchosia,NA
rhynchosia_type,NA
rhynchosia_type_malacophylla,NA
ricinus,NA
ricinus_communis,NA
rinorea,NA
rinorea_type,NA
ritchiea,NA
rorippa_insularis_type,NA
rosa,NA
rosaceae,NA
rosaceae_undiff,NA
rubia,NA
rubia_type,NA
rubia_type_cordifolia,NA
rubiaceae,NA
rubiaceae_type,NA
rubiaceae_type_1,NA
rubiaceae_type_mauritius_type_121_de_boer,NA
rubiaceae_type_mauritius_type_164_de_boer,NA
rubiaceae_type_mauritius_type_67_de_boer,NA
rubiaceae_type_mauritius_type_70_de_boer,NA
rubiaceae_undiff,NA
rubus,NA
rubus_pinnatus_type,NA
rubus_type,NA
ruellia,NA
rumex,NA
ruschia,NA
ruschia_type,NA
rutaceae,NA
rutaceae_big,NA
rutaceae_undiff,NA
ruttya_type,NA
rytigynia,NA
sabicea,NA
sabicea_africana,NA
sabicea_type_africana,NA
sacoglottis_gabonensis,NA
salacia,NA
salacia_senegalensis,NA
salacia_type,NA
salicaceae,NA
salicaceae_undiff,NA
salix,NA
salix_cf_s_ledermanii,NA
salix_ledermanii_type,NA
salix_subserrata_type,NA
salvadora,NA
salvadora_persica,NA
salvadora_persica_type,NA
salvadora_type_persica,NA
salvadoraceae,NA
sambucus,NA
sambucus_nigra,NA
sanguisorbineae,NA
sansevieria,NA
santalaceae,NA
santiria_trimera,NA
santiria_type,NA
santiria_type_trimera,NA
sapindaceae,NA
sapindaceae_undiff,NA
sapium,NA
sapium_type,NA
sapotaceae,NA
sapotaceae_reticulated,NA
sapotaceae_type,NA
sapotaceae_undiff,NA
saussurea,NA
sauvagesia_erecta,NA
saxifraga,NA
saxifragaceae,NA
saxifragaceae_undiff,NA
scabiosa,NA
scabiosa_type,NA
schefflera,NA
schefflera_abyssinica_type,NA
schefflera_myriantha_type,NA
schefflera_type,NA
schefflera_volkensii,NA
schkuhria_type,NA
schrebera,NA
sclerocarya,NA
sclerocarya_birrea_type,NA
sclerosperma,NA
scoparia_type,NA
scorodophloeus_zenkeri_type,NA
scottellia_klaineana_type,NA
scrophulariaceae,NA
scrophulariaceae_tricolpate,NA
scrophulariaceae_type,NA
scrophulariaceae_undiff,NA
scutia_type,NA
searsia,NA
searsia_natalensis,NA
sebaea,NA
sebaea_brachyphylla_type,NA
securinega,NA
securinega_type,NA
securinega_type_s_virosa,NA
securinega_virosa,NA
sedum,NA
selago,NA
senecio,NA
senecio_hadiensis_type,NA
senecio_johnstonianus_type,NA
senecio_type,NA
senecioneae,NA
senna,NA
senna_type_didymobotrya,NA
senna_type_italica,NA
sericocomopsis_type,NA
sericostachys,NA
sericostachys_type_scandens,NA
seriphium_kilimandscharicum,NA
seriphium_kilimandscharicum_type,NA
sesamum,NA
sesbania,NA
sesbania_sesban,NA
sesbania_type_sesban,NA
sherbournia,NA
shirakiopsis_elliptica,NA
shirakiopsis_type_elliptica,NA
shirakiopsis_type_s_elliptica,NA
sida,NA
sida_type,NA
sideritis_type,NA
sideroxylon,NA
sideroxylon_cf_s_grandiflorum,NA
sideroxylon_cf_s_sessiliflorum,NA
sideroxylon_type_oxyacanthum,NA
silene,NA
silene_type,NA
silene_type_burchellii,NA
simaroubaceae,NA
solanaceae,NA
solanaceae_type,NA
solanaceae_undiff,NA
solanecio_type_mannii,NA
solanecio_type_s_mannii,NA
solanum,NA
solanum_ricinus,NA
solanum_type,NA
solanum_type_nigrum,NA
sorindeia,NA
sorindeia_type,NA
sorindeia_type_juglandifolia,NA
sorindeia_type_madagascariensis,NA
sorindeia_type_s_juglandifolia,NA
spenocleaceae_30mu_m,NA
spermacoce,NA
spermacoce_radiata,NA
spermacoce_radiata_type,NA
spermacoce_type,NA
spermacoce_type_radiata,NA
spermacoce_type_undiff,NA
sphenoclea,NA
spirostachys,NA
staavia,NA
stachyothyrsus,NA
stachys_type,NA
steganotaenia_type_araliacea,NA
stellaria_mannii_type,NA
stemodia,NA
stemodia_serrata,NA
stemodia_serrata_type,NA
stephania,NA
stephania_type,NA
stephania_type_abyssinica,NA
stephania_type_s_abyssinica,NA
sterculia,NA
sterculia_type,NA
sterculioideae,NA
stereospermum,NA
stoebe,NA
stoebe_type,NA
streptocarpus,NA
striga,NA
striga_type,NA
striga_type_hermonthica,NA
strombosia,NA
strombosia_type,NA
strychnos,NA
strychnos_type,NA
stylosanthes_fruticosa,NA
stylosanthes_type,NA
suaeda,NA
suaeda_monoica_type,NA
suaeda_type,NA
suaeda_type_monoica,NA
subularia,NA
subularia_type_monticola,NA
swertia,NA
swertia_lastii_type,NA
swertia_type,NA
swertia_type_abyssinica,NA
swertia_type_kilimandscharica,NA
swertia_type_s_abyssinica,NA
swertia_usambarensis_type,NA
symphonia,NA
symphonia_globulifera,NA
syncolostemon_bracteosus,NA
syncolostemon_bracteosus_type,NA
syzygium,NA
syzygium_micropodum,NA
syzygium_type,NA
syzygium_type_guineense,NA
syzygium_type_staudtii,NA
tabernaemontana,NA
tabernaemontana_type,NA
tacazzea_apiculata,NA
tacazzea_apiculata_type,NA
tacazzea_type_apiculata,NA
tacazzea_type_t_apiculata,NA
tacca,NA
talinum,NA
talipariti_tiliaceum,NA
tamaricaceae,NA
tamarindus,NA
tamarindus_type_indica,NA
tamarindus_type_t_indica,NA
tamarix,NA
tamarix_senegalensis,NA
tambourissa_purpurea_type,NA
tapinanthus,NA
tapinanthus_type,NA
tapura,NA
tapura_fischeri,NA
tapura_fischeri_type,NA
tarchonantheae,NA
tarchonanthus,NA
tarchonanthus_camphoratus,NA
tarchonanthus_type_camphoratus,NA
tarenna,NA
tarenna_type,NA
taxus,NA
taxus_baccata,NA
teclea,NA
teclea_type,NA
tecoma_type,NA
tectona_grandis,NA
telephium,NA
tephrosia,NA
tephrosia_type_uniflora,NA
tephrosia_uniflora_type,NA
terminalia,NA
terminalia_benzoin,NA
tetracera,NA
tetracera_alnifolia,NA
tetracera_alnifolia_type,NA
tetracera_type,NA
tetradenia_type,NA
tetraena_simplex_type,NA
tetrapleura,NA
tetrapleura_tetraptera_type,NA
tetrorchidium,NA
teucrium,NA
thalictrum,NA
thalictrum_type,NA
theaceae,NA
thecacoris,NA
thecacoris_type,NA
thesium,NA
thilachium,NA
thunbergia,NA
thymelaeaceae,NA
thymelaeaceae_undiff,NA
tilia,NA
tiliacora,NA
tiliacora_type,NA
tilioideae,NA
tilioideae_undiff,NA
tinnea,NA
tinospora_bakis,NA
tinospora_type,NA
toddalia,NA
toddalia_type_asiatica,NA
toddalia_type_t_asiatica,NA
torilis_arvensis,NA
torilis_type,NA
tragia,NA
tragia_type,NA
tragia_type_hildebrandtii,NA
treculia,NA
treculia_africana,NA
treculia_type_africana,NA
trema,NA
trema_orientalis,NA
trema_type_orientalis,NA
trema_type_t_orientalis,NA
trianthema_type,NA
tribulus,NA
tricalysia,NA
trichilia,NA
trichilia_type,NA
trichocladus,NA
trichocladus_ellipticus,NA
trichocladus_ellipticus_type,NA
trichocladus_type,NA
trichodesma,NA
trichoscypha,NA
trichoscypha_type,NA
trifolium,NA
trifolium_type,NA
trifolium_type_acaule,NA
trilepisium,NA
trilepisium_madagascariense_type,NA
trilepisium_type_madagascariense,NA
trilepisium_type_t_madagascariense,NA
triplochiton_scleroxylon,NA
triplochiton_scleroxylon_type,NA
triplochiton_type,NA
triumfetta,NA
triumfetta_type,NA
trochetia_mauritius_type_146_de_boer,NA
trochetia_mauritius_type_174_de_boer,NA
trymatococcus,NA
tulbaghia_type,NA
uapaca,NA
uapaca_guineensis_type,NA
uapaca_heudelotii,NA
uapaca_kirkiana_type,NA
uapaca_nitida_type,NA
uapaca_staudtii,NA
uebelinia_type,NA
ulex_type,NA
ulmaceae,NA
ulmus,NA
uncaria_type_africana,NA
uncaria_type_u_africana,NA
uncinia,NA
urgineeae,NA
urtica,NA
urtica_type,NA
urticaceae,NA
urticaceae_moraceae,NA
urticaceae_moraceae_undiff,NA
urticaceae_undiff,NA
vahlia,NA
valeriana,NA
valerianella,NA
valerianoideae,NA
vangueria,NA
vangueria_type,NA
vangueria_type_madagascariensis,NA
vangueria_type_v_madagascariensis_var_madagascariensis,NA
vatovaea,NA
vepris,NA
vepris_nobilis,NA
vepris_type,NA
vepris_type_dainellii,NA
vepris_type_nobilis,NA
vepris_type_v_nobilis,NA
verbenaceae,NA
verbenaceae_undiff,NA
vernonia,NA
vernonia_schimperi,NA
vernonia_type,NA
vernonieae,NA
vernonieae_undiff,NA
veronica,NA
viburnum,NA
vicia_type,NA
vigna,NA
vigna_type,NA
virectaria,NA
vismia,NA
vitaceae,NA
vitaceae_undiff,NA
vitellaria_type_paradoxa,NA
vitellaria_type_v_paradoxa,NA
vitex,NA
vitex_doniana,NA
vitex_type,NA
vitis,NA
voacanga,NA
volkensinia_prostrata,NA
wahlenbergia,NA
wahlenbergia_type,NA
waltheria,NA
waltheria_type,NA
weinmannia,NA
welwitschia_mirabilis,NA
widdringtonia,NA
withania_type_w_somnifera,NA
xanthium,NA
xanthium_type,NA
ximenia,NA
ximenia_americana,NA
xylia_type,NA
xymalos,NA
xyris,NA
xyris_type,NA
zanha,NA
zanha_golungensis_type,NA
zanthoxylum,NA
zanthoxylum_gilletii,NA
zanthoxylum_type,NA
zanthoxylum_type_chalybeum,NA
zanthoxylum_type_gilletii,NA
zanthoxylum_type_usambarense,NA
zanthoxylum_type_z_gilletii,NA
zanthoxylum_undiff,NA
zanthoxylum_usambarense,NA
zanthoxylum_usambarense_type,NA
zanthoxylum_zanthoxyloides,NA
zea_mays,NA
ziziphus,NA
ziziphus_type,NA
zornia,NA
zygophyllaceae,NA
zygophyllum,NA
